{"cameraMode":{"drawMode":0,"name":"Shaded","section":"Shading Mode"},"sceneLighting":true,"audioPlay":false,"sceneViewState":{"m_AlwaysRefresh":false,"showFog":true,"showSkybox":true,"showFlares":true,"showImageEffects":true,"showParticleSystems":true,"showVisualEffectGraphs":true,"m_FxEnabled":true},"in2DMode":false,"pivot":{"x":56.688087463378909,"y":0.04944917559623718,"z":85.93109130859375},"rotation":{"x":0.023395366966724397,"y":-0.00749788386747241,"z":0.00017549126641824841,"w":0.9996987581253052},"size":2.0156748294830324,"orthographic":false}