{"cameraMode":{"drawMode":0,"name":"Shaded","section":"Shading Mode"},"sceneLighting":true,"audioPlay":false,"sceneViewState":{"m_AlwaysRefresh":false,"showFog":true,"showSkybox":true,"showFlares":true,"showImageEffects":true,"showParticleSystems":true,"showVisualEffectGraphs":true,"m_FxEnabled":true},"in2DMode":false,"pivot":{"x":375.3716735839844,"y":375.7603759765625,"z":20.4320068359375},"rotation":{"x":0.011706703342497349,"y":0.21929289400577546,"z":-0.0026405237149447204,"w":0.9756006002426148},"size":163.74221801757813,"orthographic":false}