{"cameraMode":{"drawMode":0,"name":"Shaded","section":"Shading Mode"},"sceneLighting":true,"audioPlay":false,"sceneViewState":{"m_AlwaysRefresh":false,"showFog":true,"showSkybox":true,"showFlares":true,"showImageEffects":true,"showParticleSystems":true,"showVisualEffectGraphs":true,"m_FxEnabled":true},"in2DMode":false,"pivot":{"x":52.34244155883789,"y":5.865062713623047,"z":30.529590606689454},"rotation":{"x":-0.013497632928192616,"y":0.014101194217801094,"z":0.0001816262083593756,"w":0.9998244047164917},"size":4.483273029327393,"orthographic":false}